{
  "meta_title": "Mini Nerd",
  "meta_description": "Estúdio criativo e Roupas Personalizadas. A Mini Nerd é uma loja virtual onde você pode comprar as camisetas mais bacanudas da galáxia! São modelos infantis e Adulto com estampas diferentes para todos os gostos, desde camisas de bandas e música, até mesmo para os nerds e geeks de plantão! Somos especializados em camisetas tal pai tal filho, tudo feito especialmente para você!",
  "sections": [
    {
      "type": "banner-slider",
      "autoplay": 9000,
      "slides": [
        {
          "img": "/img/uploads/full-1.jpg",
          "link": "",
          "alt": "",
          "start": "",
          "end": ""
        },
        {
          "img": "/img/uploads/banner-full-compre-5-pague-4.jpg",
          "alt": "",
          "start": "",
          "end": ""
        },
        {
          "start": "",
          "end": "",
          "img": "/img/uploads/banner-full-natal.jpg"
        }
      ]
    },
    {
      "type": "info-bar",
      "enabled": true
    },
    {
      "type": "collection-shelf",
      "shuffle": true,
      "collection_id": null,
      "limit": 12,
      "page": 1
    }
  ]
}